Criptomoneda,Precio,Fecha,Horas,Minutos,Segundos
BTCUSDT,49862.05,2024-02-12,17,14,40
ETHUSDT,2621.82,2024-02-12,17,14,40
TRXUSDT,0.12515,2024-02-12,17,14,40
BTCUSDT,49862.04,2024-02-12,17,14,57
ETHUSDT,2621.81,2024-02-12,17,14,57
TRXUSDT,0.12515,2024-02-12,17,14,57
BTCUSDT,49859.98,2024-02-12,17,15,29
ETHUSDT,2622.3,2024-02-12,17,15,29
TRXUSDT,0.12516,2024-02-12,17,15,29
BTCUSDT,49867.84,2024-02-12,17,15,59
ETHUSDT,2622.08,2024-02-12,17,15,59
TRXUSDT,0.12516,2024-02-12,17,15,59
BTCUSDT,49899.98,2024-02-12,17,16,29
ETHUSDT,2624.06,2024-02-12,17,16,29
TRXUSDT,0.12517,2024-02-12,17,16,29
BTCUSDT,49898.25,2024-02-12,17,17,0
ETHUSDT,2622.06,2024-02-12,17,17,0
TRXUSDT,0.12517,2024-02-12,17,17,0
BTCUSDT,49897.99,2024-02-12,17,17,30
ETHUSDT,2622.99,2024-02-12,17,17,30
TRXUSDT,0.12517,2024-02-12,17,17,30
BTCUSDT,49902.88,2024-02-12,17,18,1
ETHUSDT,2622.69,2024-02-12,17,18,1
TRXUSDT,0.12519,2024-02-12,17,18,1
BTCUSDT,49908.01,2024-02-12,17,18,31
ETHUSDT,2623.2,2024-02-12,17,18,31
TRXUSDT,0.12518,2024-02-12,17,18,31
BTCUSDT,49840.01,2024-02-12,17,19,1
ETHUSDT,2620.19,2024-02-12,17,19,1
TRXUSDT,0.12516,2024-02-12,17,19,1
BTCUSDT,49849.07,2024-02-12,17,19,32
ETHUSDT,2621.27,2024-02-12,17,19,32
TRXUSDT,0.12515,2024-02-12,17,19,32
BTCUSDT,49876.84,2024-02-12,17,20,2
ETHUSDT,2621.19,2024-02-12,17,20,2
TRXUSDT,0.12514,2024-02-12,17,20,2
BTCUSDT,49875.0,2024-02-12,17,20,32
ETHUSDT,2622.85,2024-02-12,17,20,32
TRXUSDT,0.12515,2024-02-12,17,20,32
BTCUSDT,49872.81,2024-02-12,17,21,3
ETHUSDT,2623.31,2024-02-12,17,21,3
TRXUSDT,0.12514,2024-02-12,17,21,3
BTCUSDT,49861.09,2024-02-12,17,21,34
ETHUSDT,2623.86,2024-02-12,17,21,34
TRXUSDT,0.12515,2024-02-12,17,21,34
BTCUSDT,49876.0,2024-02-12,17,22,4
ETHUSDT,2625.4,2024-02-12,17,22,4
TRXUSDT,0.12515,2024-02-12,17,22,4
BTCUSDT,49852.94,2024-02-12,17,22,35
ETHUSDT,2624.4,2024-02-12,17,22,35
TRXUSDT,0.12514,2024-02-12,17,22,35
BTCUSDT,49852.8,2024-02-12,17,23,5
ETHUSDT,2624.98,2024-02-12,17,23,5
TRXUSDT,0.12515,2024-02-12,17,23,5
BTCUSDT,49875.53,2024-02-12,17,23,35
ETHUSDT,2627.31,2024-02-12,17,23,35
TRXUSDT,0.12518,2024-02-12,17,23,35
BTCUSDT,49875.51,2024-02-12,17,24,6
ETHUSDT,2625.84,2024-02-12,17,24,6
TRXUSDT,0.12519,2024-02-12,17,24,6
BTCUSDT,49870.0,2024-02-12,17,24,37
ETHUSDT,2625.22,2024-02-12,17,24,37
TRXUSDT,0.12518,2024-02-12,17,24,37
BTCUSDT,49856.74,2024-02-12,17,25,7
ETHUSDT,2623.41,2024-02-12,17,25,7
TRXUSDT,0.12517,2024-02-12,17,25,7
BTCUSDT,49857.42,2024-02-12,17,25,38
ETHUSDT,2622.44,2024-02-12,17,25,38
TRXUSDT,0.12514,2024-02-12,17,25,38
BTCUSDT,49897.97,2024-02-12,17,26,8
ETHUSDT,2624.9,2024-02-12,17,26,8
TRXUSDT,0.12514,2024-02-12,17,26,8
BTCUSDT,49902.87,2024-02-12,17,26,38
ETHUSDT,2625.1,2024-02-12,17,26,38
TRXUSDT,0.12514,2024-02-12,17,26,38
BTCUSDT,49905.29,2024-02-12,17,27,9
ETHUSDT,2623.96,2024-02-12,17,27,9
TRXUSDT,0.12514,2024-02-12,17,27,9
BTCUSDT,49914.0,2024-02-12,17,27,39
ETHUSDT,2624.2,2024-02-12,17,27,39
TRXUSDT,0.12514,2024-02-12,17,27,39
BTCUSDT,49907.91,2024-02-12,17,28,10
ETHUSDT,2623.21,2024-02-12,17,28,10
TRXUSDT,0.12514,2024-02-12,17,28,10
BTCUSDT,49933.7,2024-02-12,17,28,42
ETHUSDT,2622.66,2024-02-12,17,28,42
TRXUSDT,0.12515,2024-02-12,17,28,42
BTCUSDT,49949.88,2024-02-12,17,29,12
ETHUSDT,2623.01,2024-02-12,17,29,12
TRXUSDT,0.12514,2024-02-12,17,29,12
BTCUSDT,49896.34,2024-02-12,17,29,43
ETHUSDT,2622.43,2024-02-12,17,29,43
TRXUSDT,0.12515,2024-02-12,17,29,43
BTCUSDT,49912.64,2024-02-12,17,30,13
ETHUSDT,2622.86,2024-02-12,17,30,13
TRXUSDT,0.12514,2024-02-12,17,30,13
BTCUSDT,49921.09,2024-02-12,17,30,48
ETHUSDT,2623.39,2024-02-12,17,30,48
TRXUSDT,0.12514,2024-02-12,17,30,48
BTCUSDT,49939.69,2024-02-12,17,31,19
ETHUSDT,2624.2,2024-02-12,17,31,19
TRXUSDT,0.12515,2024-02-12,17,31,19
BTCUSDT,49940.02,2024-02-12,17,31,50
ETHUSDT,2624.07,2024-02-12,17,31,50
TRXUSDT,0.12514,2024-02-12,17,31,50
BTCUSDT,49942.05,2024-02-12,17,32,20
ETHUSDT,2624.61,2024-02-12,17,32,20
TRXUSDT,0.12514,2024-02-12,17,32,20
BTCUSDT,49944.29,2024-02-12,17,32,51
ETHUSDT,2624.26,2024-02-12,17,32,51
TRXUSDT,0.12515,2024-02-12,17,32,51
BTCUSDT,49921.11,2024-02-12,17,33,22
ETHUSDT,2623.32,2024-02-12,17,33,22
TRXUSDT,0.12515,2024-02-12,17,33,22
BTCUSDT,49929.38,2024-02-12,17,33,52
ETHUSDT,2624.06,2024-02-12,17,33,52
TRXUSDT,0.12515,2024-02-12,17,33,52
BTCUSDT,49893.99,2024-02-12,17,34,22
ETHUSDT,2622.65,2024-02-12,17,34,22
TRXUSDT,0.12511,2024-02-12,17,34,22
BTCUSDT,49856.75,2024-02-12,17,34,53
ETHUSDT,2622.65,2024-02-12,17,34,53
TRXUSDT,0.12509,2024-02-12,17,34,53
BTCUSDT,49865.71,2024-02-12,17,35,23
ETHUSDT,2622.5,2024-02-12,17,35,23
TRXUSDT,0.12505,2024-02-12,17,35,23
BTCUSDT,49836.01,2024-02-12,17,35,53
ETHUSDT,2622.4,2024-02-12,17,35,53
TRXUSDT,0.12503,2024-02-12,17,35,53
BTCUSDT,49847.53,2024-02-12,17,36,24
ETHUSDT,2623.06,2024-02-12,17,36,24
TRXUSDT,0.12501,2024-02-12,17,36,24
BTCUSDT,49890.76,2024-02-12,17,36,55
ETHUSDT,2624.24,2024-02-12,17,36,55
TRXUSDT,0.12507,2024-02-12,17,36,55
BTCUSDT,49929.94,2024-02-12,17,37,25
ETHUSDT,2625.25,2024-02-12,17,37,25
TRXUSDT,0.12509,2024-02-12,17,37,25
BTCUSDT,49944.69,2024-02-12,17,37,57
ETHUSDT,2624.01,2024-02-12,17,37,57
TRXUSDT,0.1251,2024-02-12,17,37,57
BTCUSDT,49934.61,2024-02-12,17,38,27
ETHUSDT,2621.84,2024-02-12,17,38,27
TRXUSDT,0.12509,2024-02-12,17,38,27
BTCUSDT,49918.6,2024-02-12,17,38,57
ETHUSDT,2622.38,2024-02-12,17,38,57
TRXUSDT,0.1251,2024-02-12,17,38,57
BTCUSDT,49921.99,2024-02-12,17,39,28
ETHUSDT,2622.82,2024-02-12,17,39,28
TRXUSDT,0.12502,2024-02-12,17,39,28
BTCUSDT,49907.52,2024-02-12,17,39,58
ETHUSDT,2622.06,2024-02-12,17,39,58
TRXUSDT,0.12499,2024-02-12,17,39,58
BTCUSDT,49903.99,2024-02-12,17,40,28
ETHUSDT,2621.65,2024-02-12,17,40,28
TRXUSDT,0.12499,2024-02-12,17,40,28
BTCUSDT,49956.26,2024-02-12,17,40,59
ETHUSDT,2623.78,2024-02-12,17,40,59
TRXUSDT,0.12499,2024-02-12,17,40,59
BTCUSDT,49884.99,2024-02-12,18,49,40
ETHUSDT,2634.94,2024-02-12,18,49,40
TRXUSDT,0.12513,2024-02-12,18,49,40
BTCUSDT,49880.0,2024-02-12,18,50,11
ETHUSDT,2634.08,2024-02-12,18,50,11
TRXUSDT,0.12517,2024-02-12,18,50,11
BTCUSDT,49909.02,2024-02-12,18,50,41
ETHUSDT,2635.44,2024-02-12,18,50,41
TRXUSDT,0.12518,2024-02-12,18,50,41
BTCUSDT,49918.74,2024-02-12,18,51,12
ETHUSDT,2634.39,2024-02-12,18,51,12
TRXUSDT,0.12518,2024-02-12,18,51,12
BTCUSDT,49886.76,2024-02-12,18,51,43
ETHUSDT,2632.87,2024-02-12,18,51,43
TRXUSDT,0.12519,2024-02-12,18,51,43
BTCUSDT,49889.09,2024-02-12,18,52,13
ETHUSDT,2631.76,2024-02-12,18,52,13
TRXUSDT,0.1252,2024-02-12,18,52,13
BTCUSDT,49875.5,2024-02-12,18,52,44
ETHUSDT,2630.9,2024-02-12,18,52,44
TRXUSDT,0.1252,2024-02-12,18,52,44
BTCUSDT,49884.97,2024-02-12,18,53,14
ETHUSDT,2631.76,2024-02-12,18,53,14
TRXUSDT,0.1252,2024-02-12,18,53,14
BTCUSDT,49858.02,2024-02-12,18,53,45
ETHUSDT,2631.07,2024-02-12,18,53,45
TRXUSDT,0.1252,2024-02-12,18,53,45
BTCUSDT,49834.18,2024-02-12,18,54,15
ETHUSDT,2629.99,2024-02-12,18,54,15
TRXUSDT,0.12519,2024-02-12,18,54,15
BTCUSDT,49866.03,2024-02-12,18,54,45
ETHUSDT,2631.65,2024-02-12,18,54,45
TRXUSDT,0.12518,2024-02-12,18,54,45
BTCUSDT,49851.11,2024-02-12,18,55,16
ETHUSDT,2631.22,2024-02-12,18,55,16
TRXUSDT,0.12518,2024-02-12,18,55,16
BTCUSDT,49835.77,2024-02-12,18,55,46
ETHUSDT,2631.61,2024-02-12,18,55,46
TRXUSDT,0.12518,2024-02-12,18,55,46
BTCUSDT,49855.96,2024-02-12,18,56,17
ETHUSDT,2633.15,2024-02-12,18,56,17
TRXUSDT,0.12519,2024-02-12,18,56,17
BTCUSDT,49838.0,2024-02-12,18,56,47
ETHUSDT,2631.27,2024-02-12,18,56,47
TRXUSDT,0.12519,2024-02-12,18,56,47
BTCUSDT,49854.06,2024-02-12,18,57,17
ETHUSDT,2630.51,2024-02-12,18,57,17
TRXUSDT,0.12513,2024-02-12,18,57,17
BTCUSDT,49834.75,2024-02-12,18,57,48
ETHUSDT,2628.72,2024-02-12,18,57,48
TRXUSDT,0.1251,2024-02-12,18,57,48
BTCUSDT,49812.32,2024-02-12,18,58,18
ETHUSDT,2628.69,2024-02-12,18,58,18
TRXUSDT,0.12507,2024-02-12,18,58,18
BTCUSDT,49832.28,2024-02-12,18,58,48
ETHUSDT,2629.61,2024-02-12,18,58,48
TRXUSDT,0.12506,2024-02-12,18,58,48
BTCUSDT,49849.29,2024-02-12,18,59,19
ETHUSDT,2630.85,2024-02-12,18,59,19
TRXUSDT,0.12506,2024-02-12,18,59,19
BTCUSDT,49829.03,2024-02-12,18,59,49
ETHUSDT,2630.85,2024-02-12,18,59,49
TRXUSDT,0.12506,2024-02-12,18,59,49
BTCUSDT,49821.1,2024-02-12,19,0,19
ETHUSDT,2633.77,2024-02-12,19,0,19
TRXUSDT,0.12518,2024-02-12,19,0,19
BTCUSDT,49847.99,2024-02-12,19,0,50
ETHUSDT,2634.1,2024-02-12,19,0,50
TRXUSDT,0.12521,2024-02-12,19,0,50
BTCUSDT,49872.26,2024-02-12,19,1,20
ETHUSDT,2633.91,2024-02-12,19,1,20
TRXUSDT,0.12524,2024-02-12,19,1,20
BTCUSDT,49894.8,2024-02-12,19,1,50
ETHUSDT,2635.99,2024-02-12,19,1,50
TRXUSDT,0.12525,2024-02-12,19,1,50
BTCUSDT,49894.8,2024-02-12,19,2,21
ETHUSDT,2637.08,2024-02-12,19,2,21
TRXUSDT,0.12525,2024-02-12,19,2,21
BTCUSDT,49900.85,2024-02-12,19,2,51
ETHUSDT,2636.71,2024-02-12,19,2,51
TRXUSDT,0.12524,2024-02-12,19,2,51
BTCUSDT,49939.74,2024-02-12,19,3,22
ETHUSDT,2638.5,2024-02-12,19,3,22
TRXUSDT,0.12524,2024-02-12,19,3,22
BTCUSDT,49931.09,2024-02-12,19,3,52
ETHUSDT,2636.75,2024-02-12,19,3,52
TRXUSDT,0.12525,2024-02-12,19,3,52
BTCUSDT,49954.86,2024-02-12,19,4,22
ETHUSDT,2636.5,2024-02-12,19,4,22
TRXUSDT,0.12525,2024-02-12,19,4,22
BTCUSDT,49973.99,2024-02-12,19,4,53
ETHUSDT,2636.95,2024-02-12,19,4,53
TRXUSDT,0.12525,2024-02-12,19,4,53
BTCUSDT,49975.94,2024-02-12,19,5,23
ETHUSDT,2639.17,2024-02-12,19,5,23
TRXUSDT,0.12527,2024-02-12,19,5,23
BTCUSDT,49942.84,2024-02-12,19,5,54
ETHUSDT,2638.72,2024-02-12,19,5,54
TRXUSDT,0.12525,2024-02-12,19,5,54
BTCUSDT,49936.38,2024-02-12,19,6,24
ETHUSDT,2638.38,2024-02-12,19,6,24
TRXUSDT,0.12525,2024-02-12,19,6,24
BTCUSDT,49936.42,2024-02-12,19,6,54
ETHUSDT,2639.61,2024-02-12,19,6,54
TRXUSDT,0.12522,2024-02-12,19,6,54
BTCUSDT,49938.34,2024-02-12,19,7,25
ETHUSDT,2638.09,2024-02-12,19,7,25
TRXUSDT,0.12515,2024-02-12,19,7,25
BTCUSDT,49901.11,2024-02-12,19,7,56
ETHUSDT,2638.51,2024-02-12,19,7,56
TRXUSDT,0.12515,2024-02-12,19,7,56
BTCUSDT,49898.0,2024-02-12,19,8,26
ETHUSDT,2639.18,2024-02-12,19,8,26
TRXUSDT,0.12514,2024-02-12,19,8,26
BTCUSDT,49901.15,2024-02-12,19,8,57
ETHUSDT,2639.45,2024-02-12,19,8,57
TRXUSDT,0.12513,2024-02-12,19,8,57
BTCUSDT,49906.76,2024-02-12,19,9,27
ETHUSDT,2639.35,2024-02-12,19,9,27
TRXUSDT,0.12514,2024-02-12,19,9,27
BTCUSDT,49901.11,2024-02-12,19,9,57
ETHUSDT,2638.63,2024-02-12,19,9,57
TRXUSDT,0.12513,2024-02-12,19,9,57
BTCUSDT,49880.0,2024-02-12,19,10,28
ETHUSDT,2638.44,2024-02-12,19,10,28
TRXUSDT,0.12511,2024-02-12,19,10,28
BTCUSDT,49879.99,2024-02-12,19,10,58
ETHUSDT,2636.36,2024-02-12,19,10,58
TRXUSDT,0.12514,2024-02-12,19,10,58
BTCUSDT,49897.7,2024-02-12,19,11,29
ETHUSDT,2637.23,2024-02-12,19,11,29
TRXUSDT,0.12518,2024-02-12,19,11,29
BTCUSDT,49904.5,2024-02-12,19,11,59
ETHUSDT,2638.21,2024-02-12,19,11,59
TRXUSDT,0.12524,2024-02-12,19,11,59
BTCUSDT,49922.55,2024-02-12,19,12,30
ETHUSDT,2639.45,2024-02-12,19,12,30
TRXUSDT,0.12528,2024-02-12,19,12,30
BTCUSDT,49919.01,2024-02-12,19,13,0
ETHUSDT,2639.99,2024-02-12,19,13,0
TRXUSDT,0.1253,2024-02-12,19,13,0
BTCUSDT,49926.0,2024-02-12,19,13,31
ETHUSDT,2639.99,2024-02-12,19,13,31
TRXUSDT,0.12527,2024-02-12,19,13,31
BTCUSDT,49930.09,2024-02-12,19,14,1
ETHUSDT,2639.4,2024-02-12,19,14,1
TRXUSDT,0.12526,2024-02-12,19,14,1
BTCUSDT,49933.79,2024-02-12,19,14,32
ETHUSDT,2639.71,2024-02-12,19,14,32
TRXUSDT,0.12525,2024-02-12,19,14,32
BTCUSDT,49938.0,2024-02-12,19,15,2
ETHUSDT,2639.7,2024-02-12,19,15,2
TRXUSDT,0.12525,2024-02-12,19,15,2
BTCUSDT,49930.88,2024-02-12,19,15,33
ETHUSDT,2638.92,2024-02-12,19,15,33
TRXUSDT,0.12527,2024-02-12,19,15,33
BTCUSDT,49930.87,2024-02-12,19,16,3
ETHUSDT,2639.5,2024-02-12,19,16,3
TRXUSDT,0.12526,2024-02-12,19,16,3
BTCUSDT,49930.87,2024-02-12,19,16,34
ETHUSDT,2640.45,2024-02-12,19,16,34
TRXUSDT,0.12527,2024-02-12,19,16,34
BTCUSDT,49930.06,2024-02-12,19,17,4
ETHUSDT,2640.72,2024-02-12,19,17,4
TRXUSDT,0.1253,2024-02-12,19,17,4
BTCUSDT,49928.78,2024-02-12,19,17,34
ETHUSDT,2640.72,2024-02-12,19,17,34
TRXUSDT,0.1253,2024-02-12,19,17,34
BTCUSDT,49928.77,2024-02-12,19,18,5
ETHUSDT,2640.7,2024-02-12,19,18,5
TRXUSDT,0.1253,2024-02-12,19,18,5
BTCUSDT,49950.0,2024-02-12,19,18,35
ETHUSDT,2641.99,2024-02-12,19,18,35
TRXUSDT,0.1253,2024-02-12,19,18,35
BTCUSDT,49957.69,2024-02-12,19,19,6
ETHUSDT,2642.55,2024-02-12,19,19,6
TRXUSDT,0.1253,2024-02-12,19,19,6
BTCUSDT,49975.93,2024-02-12,19,19,36
ETHUSDT,2642.8,2024-02-12,19,19,36
TRXUSDT,0.1253,2024-02-12,19,19,36
BTCUSDT,50003.14,2024-02-12,19,20,6
ETHUSDT,2643.99,2024-02-12,19,20,6
TRXUSDT,0.12531,2024-02-12,19,20,6
BTCUSDT,49986.78,2024-02-12,19,20,37
ETHUSDT,2642.4,2024-02-12,19,20,37
TRXUSDT,0.1253,2024-02-12,19,20,37
BTCUSDT,49995.98,2024-02-12,19,21,7
ETHUSDT,2642.41,2024-02-12,19,21,7
TRXUSDT,0.12527,2024-02-12,19,21,7
BTCUSDT,50005.99,2024-02-12,19,21,38
ETHUSDT,2643.95,2024-02-12,19,21,38
TRXUSDT,0.12528,2024-02-12,19,21,38
BTCUSDT,50158.79,2024-02-12,22,13,29
ETHUSDT,2665.76,2024-02-12,22,13,29
TRXUSDT,0.12518,2024-02-12,22,13,29
BTCUSDT,50164.95,2024-02-12,22,13,59
ETHUSDT,2665.82,2024-02-12,22,13,59
TRXUSDT,0.12518,2024-02-12,22,13,59
BTCUSDT,50157.2,2024-02-12,22,14,30
ETHUSDT,2665.49,2024-02-12,22,14,30
TRXUSDT,0.12517,2024-02-12,22,14,30
BTCUSDT,50157.21,2024-02-12,22,15,1
ETHUSDT,2666.86,2024-02-12,22,15,1
TRXUSDT,0.12516,2024-02-12,22,15,1
BTCUSDT,50154.62,2024-02-12,22,15,31
ETHUSDT,2667.81,2024-02-12,22,15,31
TRXUSDT,0.12517,2024-02-12,22,15,31
BTCUSDT,50123.95,2024-02-12,22,16,1
ETHUSDT,2667.39,2024-02-12,22,16,1
TRXUSDT,0.12516,2024-02-12,22,16,1
BTCUSDT,50123.69,2024-02-12,22,16,32
ETHUSDT,2667.8,2024-02-12,22,16,32
TRXUSDT,0.12514,2024-02-12,22,16,32
BTCUSDT,50130.0,2024-02-12,22,17,3
ETHUSDT,2668.45,2024-02-12,22,17,3
TRXUSDT,0.12514,2024-02-12,22,17,3
BTCUSDT,50116.23,2024-02-12,22,17,33
ETHUSDT,2666.5,2024-02-12,22,17,33
TRXUSDT,0.12509,2024-02-12,22,17,33
BTCUSDT,50092.88,2024-02-12,22,18,4
ETHUSDT,2666.01,2024-02-12,22,18,4
TRXUSDT,0.12509,2024-02-12,22,18,4
BTCUSDT,50076.0,2024-02-12,22,18,34
ETHUSDT,2665.88,2024-02-12,22,18,34
TRXUSDT,0.1251,2024-02-12,22,18,34
BTCUSDT,50060.72,2024-02-12,22,19,5
ETHUSDT,2665.57,2024-02-12,22,19,5
TRXUSDT,0.12509,2024-02-12,22,19,5
BTCUSDT,50064.39,2024-02-12,22,19,35
ETHUSDT,2665.89,2024-02-12,22,19,35
TRXUSDT,0.12509,2024-02-12,22,19,35
BTCUSDT,50070.0,2024-02-12,22,20,6
ETHUSDT,2665.88,2024-02-12,22,20,6
TRXUSDT,0.12509,2024-02-12,22,20,6
BTCUSDT,50099.07,2024-02-12,22,20,36
ETHUSDT,2667.41,2024-02-12,22,20,36
TRXUSDT,0.12514,2024-02-12,22,20,36
BTCUSDT,50080.15,2024-02-12,22,21,7
ETHUSDT,2667.41,2024-02-12,22,21,7
TRXUSDT,0.12515,2024-02-12,22,21,7
BTCUSDT,50085.98,2024-02-12,22,21,37
ETHUSDT,2668.51,2024-02-12,22,21,37
TRXUSDT,0.12515,2024-02-12,22,21,37
BTCUSDT,50104.13,2024-02-12,22,22,8
ETHUSDT,2669.11,2024-02-12,22,22,8
TRXUSDT,0.12515,2024-02-12,22,22,8
BTCUSDT,50103.99,2024-02-12,22,22,38
ETHUSDT,2669.62,2024-02-12,22,22,38
TRXUSDT,0.12516,2024-02-12,22,22,38
BTCUSDT,50096.83,2024-02-12,22,23,8
ETHUSDT,2669.52,2024-02-12,22,23,8
TRXUSDT,0.12515,2024-02-12,22,23,8
BTCUSDT,50096.82,2024-02-12,22,23,39
ETHUSDT,2669.42,2024-02-12,22,23,39
TRXUSDT,0.12515,2024-02-12,22,23,39
BTCUSDT,50100.0,2024-02-12,22,24,9
ETHUSDT,2669.98,2024-02-12,22,24,9
TRXUSDT,0.12518,2024-02-12,22,24,9
BTCUSDT,50093.81,2024-02-12,22,24,40
ETHUSDT,2669.22,2024-02-12,22,24,40
TRXUSDT,0.12518,2024-02-12,22,24,40
BTCUSDT,50097.7,2024-02-12,22,25,10
ETHUSDT,2668.22,2024-02-12,22,25,10
TRXUSDT,0.12515,2024-02-12,22,25,10
BTCUSDT,50079.59,2024-02-12,22,25,41
ETHUSDT,2667.61,2024-02-12,22,25,41
TRXUSDT,0.12512,2024-02-12,22,25,41
BTCUSDT,50083.98,2024-02-12,22,26,11
ETHUSDT,2668.75,2024-02-12,22,26,11
TRXUSDT,0.12509,2024-02-12,22,26,11
BTCUSDT,50080.69,2024-02-12,22,26,42
ETHUSDT,2669.05,2024-02-12,22,26,42
TRXUSDT,0.12507,2024-02-12,22,26,42
BTCUSDT,50071.91,2024-02-12,22,27,12
ETHUSDT,2668.52,2024-02-12,22,27,12
TRXUSDT,0.12507,2024-02-12,22,27,12
BTCUSDT,50064.96,2024-02-12,22,27,42
ETHUSDT,2667.83,2024-02-12,22,27,42
TRXUSDT,0.12508,2024-02-12,22,27,42
BTCUSDT,50068.89,2024-02-12,22,28,13
ETHUSDT,2667.84,2024-02-12,22,28,13
TRXUSDT,0.12508,2024-02-12,22,28,13
BTCUSDT,50068.9,2024-02-12,22,28,44
ETHUSDT,2667.81,2024-02-12,22,28,44
TRXUSDT,0.12506,2024-02-12,22,28,44
BTCUSDT,50090.99,2024-02-12,22,29,14
ETHUSDT,2667.99,2024-02-12,22,29,14
TRXUSDT,0.12506,2024-02-12,22,29,14
BTCUSDT,50076.0,2024-02-12,22,29,44
ETHUSDT,2667.3,2024-02-12,22,29,44
TRXUSDT,0.12508,2024-02-12,22,29,44
BTCUSDT,50078.84,2024-02-12,22,30,15
ETHUSDT,2667.53,2024-02-12,22,30,15
TRXUSDT,0.12505,2024-02-12,22,30,15
BTCUSDT,50090.94,2024-02-12,22,30,46
ETHUSDT,2669.22,2024-02-12,22,30,46
TRXUSDT,0.12506,2024-02-12,22,30,46
BTCUSDT,50090.93,2024-02-12,22,31,16
ETHUSDT,2669.85,2024-02-12,22,31,16
TRXUSDT,0.12506,2024-02-12,22,31,16
BTCUSDT,50090.93,2024-02-12,22,31,46
ETHUSDT,2670.23,2024-02-12,22,31,46
TRXUSDT,0.12511,2024-02-12,22,31,46
BTCUSDT,50090.93,2024-02-12,22,32,17
ETHUSDT,2670.6,2024-02-12,22,32,17
TRXUSDT,0.12511,2024-02-12,22,32,17
BTCUSDT,50090.94,2024-02-12,22,32,47
ETHUSDT,2670.81,2024-02-12,22,32,47
TRXUSDT,0.12509,2024-02-12,22,32,47
BTCUSDT,50103.69,2024-02-12,22,33,18
ETHUSDT,2671.27,2024-02-12,22,33,18
TRXUSDT,0.1251,2024-02-12,22,33,18
BTCUSDT,50118.63,2024-02-12,22,33,48
ETHUSDT,2671.72,2024-02-12,22,33,48
TRXUSDT,0.12511,2024-02-12,22,33,48
BTCUSDT,50129.61,2024-02-12,22,34,18
ETHUSDT,2672.48,2024-02-12,22,34,18
TRXUSDT,0.12512,2024-02-12,22,34,18
BTCUSDT,50129.62,2024-02-12,22,34,49
ETHUSDT,2672.39,2024-02-12,22,34,49
TRXUSDT,0.12512,2024-02-12,22,34,49
BTCUSDT,50144.14,2024-02-12,22,35,19
ETHUSDT,2672.76,2024-02-12,22,35,19
TRXUSDT,0.12511,2024-02-12,22,35,19
BTCUSDT,50154.55,2024-02-12,22,35,51
ETHUSDT,2673.21,2024-02-12,22,35,51
TRXUSDT,0.12512,2024-02-12,22,35,51
BTCUSDT,50284.99,2024-02-12,22,36,21
ETHUSDT,2676.8,2024-02-12,22,36,21
TRXUSDT,0.12517,2024-02-12,22,36,21
BTCUSDT,50353.54,2024-02-12,22,36,52
ETHUSDT,2680.79,2024-02-12,22,36,52
TRXUSDT,0.12522,2024-02-12,22,36,52
BTCUSDT,50290.55,2024-02-12,22,37,22
ETHUSDT,2678.83,2024-02-12,22,37,22
TRXUSDT,0.12514,2024-02-12,22,37,22
BTCUSDT,50258.49,2024-02-12,22,37,52
ETHUSDT,2677.16,2024-02-12,22,37,52
TRXUSDT,0.12509,2024-02-12,22,37,52
BTCUSDT,50142.86,2024-02-12,22,38,23
ETHUSDT,2672.0,2024-02-12,22,38,23
TRXUSDT,0.12506,2024-02-12,22,38,23
BTCUSDT,50097.4,2024-02-12,22,38,53
ETHUSDT,2671.7,2024-02-12,22,38,53
TRXUSDT,0.12501,2024-02-12,22,38,53
BTCUSDT,50119.57,2024-02-12,22,39,24
ETHUSDT,2671.52,2024-02-12,22,39,24
TRXUSDT,0.12505,2024-02-12,22,39,24
BTCUSDT,50122.77,2024-02-12,22,39,54
ETHUSDT,2671.9,2024-02-12,22,39,54
TRXUSDT,0.12504,2024-02-12,22,39,54
BTCUSDT,50118.28,2024-02-12,22,40,25
ETHUSDT,2671.01,2024-02-12,22,40,25
TRXUSDT,0.12512,2024-02-12,22,40,25
BTCUSDT,50115.31,2024-02-12,22,40,55
ETHUSDT,2670.44,2024-02-12,22,40,55
TRXUSDT,0.12509,2024-02-12,22,40,55
BTCUSDT,50046.38,2024-02-12,22,41,26
ETHUSDT,2667.0,2024-02-12,22,41,26
TRXUSDT,0.12501,2024-02-12,22,41,26
BTCUSDT,50025.55,2024-02-12,22,41,56
ETHUSDT,2666.53,2024-02-12,22,41,56
TRXUSDT,0.12502,2024-02-12,22,41,56
BTCUSDT,50034.1,2024-02-12,22,42,27
ETHUSDT,2667.17,2024-02-12,22,42,27
TRXUSDT,0.12501,2024-02-12,22,42,27
BTCUSDT,50049.99,2024-02-12,22,42,57
ETHUSDT,2669.15,2024-02-12,22,42,57
TRXUSDT,0.12501,2024-02-12,22,42,57
BTCUSDT,50035.36,2024-02-12,22,43,28
ETHUSDT,2668.62,2024-02-12,22,43,28
TRXUSDT,0.125,2024-02-12,22,43,28
BTCUSDT,50061.14,2024-02-12,22,43,59
ETHUSDT,2670.26,2024-02-12,22,43,59
TRXUSDT,0.12501,2024-02-12,22,43,59
BTCUSDT,50024.77,2024-02-12,22,44,29
ETHUSDT,2669.99,2024-02-12,22,44,29
TRXUSDT,0.125,2024-02-12,22,44,29
BTCUSDT,50024.0,2024-02-12,22,44,59
ETHUSDT,2669.95,2024-02-12,22,44,59
TRXUSDT,0.125,2024-02-12,22,44,59
BTCUSDT,50029.07,2024-02-12,22,45,30
ETHUSDT,2670.7,2024-02-12,22,45,30
TRXUSDT,0.12499,2024-02-12,22,45,30
BTCUSDT,50001.1,2024-02-12,22,46,0
ETHUSDT,2669.15,2024-02-12,22,46,0
TRXUSDT,0.12495,2024-02-12,22,46,0
BTCUSDT,50010.56,2024-02-12,22,46,31
ETHUSDT,2669.2,2024-02-12,22,46,31
TRXUSDT,0.12497,2024-02-12,22,46,31
BTCUSDT,50023.99,2024-02-12,22,47,1
ETHUSDT,2668.27,2024-02-12,22,47,1
TRXUSDT,0.12496,2024-02-12,22,47,1
BTCUSDT,50035.52,2024-02-12,22,47,31
ETHUSDT,2668.22,2024-02-12,22,47,31
TRXUSDT,0.12498,2024-02-12,22,47,31
BTCUSDT,50026.18,2024-02-12,22,48,2
ETHUSDT,2668.2,2024-02-12,22,48,2
TRXUSDT,0.12495,2024-02-12,22,48,2
BTCUSDT,50018.01,2024-02-12,22,48,33
ETHUSDT,2668.26,2024-02-12,22,48,33
TRXUSDT,0.125,2024-02-12,22,48,33
BTCUSDT,50012.2,2024-02-12,22,49,3
ETHUSDT,2668.21,2024-02-12,22,49,3
TRXUSDT,0.12501,2024-02-12,22,49,3
BTCUSDT,50004.28,2024-02-12,22,49,35
ETHUSDT,2668.08,2024-02-12,22,49,35
TRXUSDT,0.12499,2024-02-12,22,49,35
BTCUSDT,50000.0,2024-02-12,22,50,6
ETHUSDT,2667.84,2024-02-12,22,50,6
TRXUSDT,0.12498,2024-02-12,22,50,6
BTCUSDT,50021.1,2024-02-12,22,50,36
ETHUSDT,2667.6,2024-02-12,22,50,36
TRXUSDT,0.12495,2024-02-12,22,50,36
BTCUSDT,50030.16,2024-02-12,22,51,7
ETHUSDT,2668.12,2024-02-12,22,51,7
TRXUSDT,0.12496,2024-02-12,22,51,7
BTCUSDT,50038.28,2024-02-12,22,51,37
ETHUSDT,2668.25,2024-02-12,22,51,37
TRXUSDT,0.12496,2024-02-12,22,51,37
BTCUSDT,49990.0,2024-02-12,22,52,8
ETHUSDT,2667.0,2024-02-12,22,52,8
TRXUSDT,0.12495,2024-02-12,22,52,8
BTCUSDT,50014.0,2024-02-12,22,52,39
ETHUSDT,2667.94,2024-02-12,22,52,39
TRXUSDT,0.12496,2024-02-12,22,52,39
BTCUSDT,50004.04,2024-02-12,22,53,9
ETHUSDT,2667.82,2024-02-12,22,53,9
TRXUSDT,0.12495,2024-02-12,22,53,9
BTCUSDT,49998.12,2024-02-12,22,53,42
ETHUSDT,2667.98,2024-02-12,22,53,42
TRXUSDT,0.12493,2024-02-12,22,53,42
BTCUSDT,51810.99,2024-02-19,16,10,35
ETHUSDT,2922.51,2024-02-19,16,10,35
TRXUSDT,0.13633,2024-02-19,16,10,35
BTCUSDT,51814.45,2024-02-19,16,11,6
ETHUSDT,2922.7,2024-02-19,16,11,6
TRXUSDT,0.1364,2024-02-19,16,11,6
BTCUSDT,51819.48,2024-02-19,16,11,36
ETHUSDT,2923.46,2024-02-19,16,11,36
TRXUSDT,0.13641,2024-02-19,16,11,36
BTCUSDT,51801.01,2024-02-19,16,12,7
ETHUSDT,2921.59,2024-02-19,16,12,7
TRXUSDT,0.13636,2024-02-19,16,12,7
BTCUSDT,51784.32,2024-02-19,16,12,37
ETHUSDT,2920.91,2024-02-19,16,12,37
TRXUSDT,0.13634,2024-02-19,16,12,37
BTCUSDT,51800.39,2024-02-19,16,13,8
ETHUSDT,2921.37,2024-02-19,16,13,8
TRXUSDT,0.13642,2024-02-19,16,13,8
BTCUSDT,51805.19,2024-02-19,16,13,38
ETHUSDT,2920.36,2024-02-19,16,13,38
TRXUSDT,0.13642,2024-02-19,16,13,38
BTCUSDT,51805.24,2024-02-19,16,14,9
ETHUSDT,2920.7,2024-02-19,16,14,9
TRXUSDT,0.13642,2024-02-19,16,14,9
BTCUSDT,51812.61,2024-02-19,16,14,39
ETHUSDT,2922.62,2024-02-19,16,14,39
TRXUSDT,0.13643,2024-02-19,16,14,39
BTCUSDT,51803.62,2024-02-19,16,15,11
ETHUSDT,2921.8,2024-02-19,16,15,11
TRXUSDT,0.13644,2024-02-19,16,15,11
BTCUSDT,51833.99,2024-02-19,16,15,42
ETHUSDT,2923.97,2024-02-19,16,15,42
TRXUSDT,0.13646,2024-02-19,16,15,42
BTCUSDT,51854.28,2024-02-19,16,16,12
ETHUSDT,2924.49,2024-02-19,16,16,12
TRXUSDT,0.13645,2024-02-19,16,16,12
BTCUSDT,51847.66,2024-02-19,16,16,43
ETHUSDT,2924.45,2024-02-19,16,16,43
TRXUSDT,0.13645,2024-02-19,16,16,43
BTCUSDT,51853.82,2024-02-19,16,17,13
ETHUSDT,2924.61,2024-02-19,16,17,13
TRXUSDT,0.13644,2024-02-19,16,17,13
BTCUSDT,51847.65,2024-02-19,16,17,44
ETHUSDT,2924.0,2024-02-19,16,17,44
TRXUSDT,0.13644,2024-02-19,16,17,44
BTCUSDT,51847.62,2024-02-19,16,18,14
ETHUSDT,2923.86,2024-02-19,16,18,14
TRXUSDT,0.13645,2024-02-19,16,18,14
BTCUSDT,51846.72,2024-02-19,16,18,45
ETHUSDT,2922.42,2024-02-19,16,18,45
TRXUSDT,0.13645,2024-02-19,16,18,45
BTCUSDT,51819.59,2024-02-19,16,19,15
ETHUSDT,2920.48,2024-02-19,16,19,15
TRXUSDT,0.1364,2024-02-19,16,19,15
BTCUSDT,51827.63,2024-02-19,16,19,45
ETHUSDT,2920.52,2024-02-19,16,19,45
TRXUSDT,0.1364,2024-02-19,16,19,45
BTCUSDT,51837.23,2024-02-19,16,20,16
ETHUSDT,2920.52,2024-02-19,16,20,16
TRXUSDT,0.13642,2024-02-19,16,20,16
BTCUSDT,51849.99,2024-02-19,16,20,46
ETHUSDT,2921.12,2024-02-19,16,20,46
TRXUSDT,0.13644,2024-02-19,16,20,46
BTCUSDT,51869.44,2024-02-19,16,21,16
ETHUSDT,2922.76,2024-02-19,16,21,16
TRXUSDT,0.13646,2024-02-19,16,21,16
BTCUSDT,51896.0,2024-02-19,16,21,47
ETHUSDT,2924.61,2024-02-19,16,21,47
TRXUSDT,0.13648,2024-02-19,16,21,47
BTCUSDT,51926.68,2024-02-19,16,22,17
ETHUSDT,2926.72,2024-02-19,16,22,17
TRXUSDT,0.13649,2024-02-19,16,22,17
BTCUSDT,51904.0,2024-02-19,16,22,48
ETHUSDT,2925.46,2024-02-19,16,22,48
TRXUSDT,0.13648,2024-02-19,16,22,48
BTCUSDT,51904.01,2024-02-19,16,23,18
ETHUSDT,2925.99,2024-02-19,16,23,18
TRXUSDT,0.13647,2024-02-19,16,23,18
BTCUSDT,51900.71,2024-02-19,16,23,48
ETHUSDT,2926.33,2024-02-19,16,23,48
TRXUSDT,0.13654,2024-02-19,16,23,48
BTCUSDT,51892.02,2024-02-19,16,24,19
ETHUSDT,2927.47,2024-02-19,16,24,19
TRXUSDT,0.13654,2024-02-19,16,24,19
BTCUSDT,51879.99,2024-02-19,16,24,50
ETHUSDT,2926.32,2024-02-19,16,24,50
TRXUSDT,0.13652,2024-02-19,16,24,50
BTCUSDT,51869.63,2024-02-19,16,25,20
ETHUSDT,2925.09,2024-02-19,16,25,20
TRXUSDT,0.13652,2024-02-19,16,25,20
BTCUSDT,51852.54,2024-02-19,16,25,51
ETHUSDT,2924.41,2024-02-19,16,25,51
TRXUSDT,0.13651,2024-02-19,16,25,51
BTCUSDT,51830.18,2024-02-19,16,26,21
ETHUSDT,2922.99,2024-02-19,16,26,21
TRXUSDT,0.13654,2024-02-19,16,26,21
BTCUSDT,51853.74,2024-02-19,16,26,51
ETHUSDT,2926.14,2024-02-19,16,26,51
TRXUSDT,0.13653,2024-02-19,16,26,51
BTCUSDT,51855.09,2024-02-19,16,27,22
ETHUSDT,2926.43,2024-02-19,16,27,22
TRXUSDT,0.13654,2024-02-19,16,27,22
BTCUSDT,51835.6,2024-02-19,16,27,52
ETHUSDT,2927.24,2024-02-19,16,27,52
TRXUSDT,0.13654,2024-02-19,16,27,52
BTCUSDT,51837.02,2024-02-19,16,28,42
ETHUSDT,2927.49,2024-02-19,16,28,42
TRXUSDT,0.13654,2024-02-19,16,28,42
BTCUSDT,60360.0,2024-08-29,15,7,53
ETHUSDT,2569.75,2024-08-29,15,7,53
TRXUSDT,0.1606,2024-08-29,15,7,53
BTCUSDT,60326.68,2024-08-29,15,8,24
ETHUSDT,2568.65,2024-08-29,15,8,24
TRXUSDT,0.1605,2024-08-29,15,8,24
BTCUSDT,60308.0,2024-08-29,15,8,54
ETHUSDT,2568.81,2024-08-29,15,8,54
TRXUSDT,0.1604,2024-08-29,15,8,54
BTCUSDT,60250.01,2024-08-29,15,9,25
ETHUSDT,2566.86,2024-08-29,15,9,25
TRXUSDT,0.1605,2024-08-29,15,9,25
BTCUSDT,60252.0,2024-08-29,15,9,55
ETHUSDT,2565.6,2024-08-29,15,9,55
TRXUSDT,0.1605,2024-08-29,15,9,55
BTCUSDT,60169.01,2024-08-29,15,10,25
ETHUSDT,2564.11,2024-08-29,15,10,25
TRXUSDT,0.1604,2024-08-29,15,10,25
BTCUSDT,59957.41,2024-08-29,15,10,56
ETHUSDT,2554.2,2024-08-29,15,10,56
TRXUSDT,0.1601,2024-08-29,15,10,56
BTCUSDT,59974.99,2024-08-29,15,11,26
ETHUSDT,2553.84,2024-08-29,15,11,26
TRXUSDT,0.1601,2024-08-29,15,11,26
BTCUSDT,60013.78,2024-08-29,15,11,56
ETHUSDT,2554.63,2024-08-29,15,11,56
TRXUSDT,0.1602,2024-08-29,15,11,56
BTCUSDT,60115.0,2024-08-29,15,12,27
ETHUSDT,2559.71,2024-08-29,15,12,27
TRXUSDT,0.1604,2024-08-29,15,12,27
BTCUSDT,60055.01,2024-08-29,15,12,57
ETHUSDT,2558.17,2024-08-29,15,12,57
TRXUSDT,0.1604,2024-08-29,15,12,57
BTCUSDT,60031.0,2024-08-29,15,13,27
ETHUSDT,2557.28,2024-08-29,15,13,27
TRXUSDT,0.1605,2024-08-29,15,13,27
BTCUSDT,60040.41,2024-08-29,15,13,57
ETHUSDT,2558.12,2024-08-29,15,13,57
TRXUSDT,0.1605,2024-08-29,15,13,57
BTCUSDT,59976.01,2024-08-29,15,14,28
ETHUSDT,2555.64,2024-08-29,15,14,28
TRXUSDT,0.1604,2024-08-29,15,14,28
BTCUSDT,59999.99,2024-08-29,15,14,58
ETHUSDT,2555.44,2024-08-29,15,14,58
TRXUSDT,0.1603,2024-08-29,15,14,58
BTCUSDT,59902.03,2024-08-29,15,15,28
ETHUSDT,2551.56,2024-08-29,15,15,28
TRXUSDT,0.1604,2024-08-29,15,15,28
BTCUSDT,59751.1,2024-08-29,15,15,59
ETHUSDT,2544.8,2024-08-29,15,15,59
TRXUSDT,0.1602,2024-08-29,15,15,59
BTCUSDT,59726.0,2024-08-29,15,16,30
ETHUSDT,2544.9,2024-08-29,15,16,30
TRXUSDT,0.1601,2024-08-29,15,16,30
BTCUSDT,59732.0,2024-08-29,15,17,0
ETHUSDT,2545.92,2024-08-29,15,17,0
TRXUSDT,0.1602,2024-08-29,15,17,0
BTCUSDT,59774.99,2024-08-29,15,17,31
ETHUSDT,2548.56,2024-08-29,15,17,31
TRXUSDT,0.1602,2024-08-29,15,17,31
BTCUSDT,59731.16,2024-08-29,15,18,1
ETHUSDT,2546.41,2024-08-29,15,18,1
TRXUSDT,0.1602,2024-08-29,15,18,1
BTCUSDT,59721.1,2024-08-29,15,18,31
ETHUSDT,2546.91,2024-08-29,15,18,31
TRXUSDT,0.1602,2024-08-29,15,18,31
BTCUSDT,59686.94,2024-08-29,15,19,2
ETHUSDT,2545.01,2024-08-29,15,19,2
TRXUSDT,0.1601,2024-08-29,15,19,2
BTCUSDT,59680.0,2024-08-29,15,19,32
ETHUSDT,2543.28,2024-08-29,15,19,32
TRXUSDT,0.1601,2024-08-29,15,19,32
BTCUSDT,59590.07,2024-08-29,15,20,2
ETHUSDT,2539.92,2024-08-29,15,20,2
TRXUSDT,0.16,2024-08-29,15,20,2
BTCUSDT,59604.0,2024-08-29,15,20,33
ETHUSDT,2541.31,2024-08-29,15,20,33
TRXUSDT,0.1601,2024-08-29,15,20,33
BTCUSDT,59589.99,2024-08-29,15,21,3
ETHUSDT,2541.26,2024-08-29,15,21,3
TRXUSDT,0.1601,2024-08-29,15,21,3
BTCUSDT,59550.0,2024-08-29,15,21,33
ETHUSDT,2538.68,2024-08-29,15,21,33
TRXUSDT,0.1603,2024-08-29,15,21,33
BTCUSDT,59592.0,2024-08-29,15,22,4
ETHUSDT,2540.68,2024-08-29,15,22,4
TRXUSDT,0.1601,2024-08-29,15,22,4
BTCUSDT,59640.0,2024-08-29,15,22,34
ETHUSDT,2542.06,2024-08-29,15,22,34
TRXUSDT,0.1601,2024-08-29,15,22,34
BTCUSDT,59673.35,2024-08-29,15,23,5
ETHUSDT,2543.78,2024-08-29,15,23,5
TRXUSDT,0.1604,2024-08-29,15,23,5
BTCUSDT,59718.0,2024-08-29,15,23,35
ETHUSDT,2546.02,2024-08-29,15,23,35
TRXUSDT,0.1603,2024-08-29,15,23,35
BTCUSDT,59795.98,2024-08-29,15,24,5
ETHUSDT,2547.11,2024-08-29,15,24,5
TRXUSDT,0.1602,2024-08-29,15,24,5
BTCUSDT,59837.96,2024-08-29,15,24,36
ETHUSDT,2549.7,2024-08-29,15,24,36
TRXUSDT,0.1603,2024-08-29,15,24,36
BTCUSDT,59871.0,2024-08-29,15,25,6
ETHUSDT,2552.99,2024-08-29,15,25,6
TRXUSDT,0.1603,2024-08-29,15,25,6
BTCUSDT,59832.0,2024-08-29,15,25,36
ETHUSDT,2552.0,2024-08-29,15,25,36
TRXUSDT,0.1604,2024-08-29,15,25,36
BTCUSDT,59803.01,2024-08-29,15,26,7
ETHUSDT,2551.2,2024-08-29,15,26,7
TRXUSDT,0.1605,2024-08-29,15,26,7
BTCUSDT,59830.01,2024-08-29,15,26,37
ETHUSDT,2552.18,2024-08-29,15,26,37
TRXUSDT,0.1606,2024-08-29,15,26,37
BTCUSDT,59815.99,2024-08-29,15,27,7
ETHUSDT,2552.02,2024-08-29,15,27,7
TRXUSDT,0.1606,2024-08-29,15,27,7
BTCUSDT,59809.0,2024-08-29,15,27,38
ETHUSDT,2551.22,2024-08-29,15,27,38
TRXUSDT,0.1604,2024-08-29,15,27,38
BTCUSDT,59679.16,2024-08-29,15,28,8
ETHUSDT,2545.26,2024-08-29,15,28,8
TRXUSDT,0.1604,2024-08-29,15,28,8
BTCUSDT,59541.1,2024-08-29,15,28,38
ETHUSDT,2540.22,2024-08-29,15,28,38
TRXUSDT,0.1604,2024-08-29,15,28,38
BTCUSDT,59553.0,2024-08-29,15,29,9
ETHUSDT,2540.07,2024-08-29,15,29,9
TRXUSDT,0.1604,2024-08-29,15,29,9
BTCUSDT,59661.68,2024-08-29,15,29,39
ETHUSDT,2544.73,2024-08-29,15,29,39
TRXUSDT,0.1603,2024-08-29,15,29,39
BTCUSDT,59564.01,2024-08-29,15,30,9
ETHUSDT,2541.21,2024-08-29,15,30,9
TRXUSDT,0.1604,2024-08-29,15,30,9
BTCUSDT,59598.01,2024-08-29,15,30,39
ETHUSDT,2542.1,2024-08-29,15,30,39
TRXUSDT,0.1603,2024-08-29,15,30,39
BTCUSDT,59584.99,2024-08-29,15,31,10
ETHUSDT,2540.98,2024-08-29,15,31,10
TRXUSDT,0.1605,2024-08-29,15,31,10
BTCUSDT,59635.04,2024-08-29,15,31,40
ETHUSDT,2543.2,2024-08-29,15,31,40
TRXUSDT,0.1606,2024-08-29,15,31,40
BTCUSDT,59629.99,2024-08-29,15,32,10
ETHUSDT,2543.01,2024-08-29,15,32,10
TRXUSDT,0.1605,2024-08-29,15,32,10
BTCUSDT,59646.01,2024-08-29,15,32,41
ETHUSDT,2542.4,2024-08-29,15,32,41
TRXUSDT,0.1605,2024-08-29,15,32,41
BTCUSDT,59608.0,2024-08-29,15,33,11
ETHUSDT,2540.4,2024-08-29,15,33,11
TRXUSDT,0.1606,2024-08-29,15,33,11
BTCUSDT,59652.0,2024-08-29,15,33,41
ETHUSDT,2541.81,2024-08-29,15,33,41
TRXUSDT,0.1606,2024-08-29,15,33,41
BTCUSDT,59667.95,2024-08-29,15,34,12
ETHUSDT,2542.0,2024-08-29,15,34,12
TRXUSDT,0.1606,2024-08-29,15,34,12
BTCUSDT,59717.31,2024-08-29,15,34,42
ETHUSDT,2543.22,2024-08-29,15,34,42
TRXUSDT,0.1606,2024-08-29,15,34,42
BTCUSDT,59617.62,2024-08-29,15,35,12
ETHUSDT,2539.8,2024-08-29,15,35,12
TRXUSDT,0.1606,2024-08-29,15,35,12
BTCUSDT,59583.99,2024-08-29,15,35,43
ETHUSDT,2538.09,2024-08-29,15,35,43
TRXUSDT,0.1604,2024-08-29,15,35,43
BTCUSDT,59591.99,2024-08-29,15,36,13
ETHUSDT,2540.39,2024-08-29,15,36,13
TRXUSDT,0.1606,2024-08-29,15,36,13
BTCUSDT,59579.99,2024-08-29,15,36,43
ETHUSDT,2540.55,2024-08-29,15,36,43
TRXUSDT,0.1606,2024-08-29,15,36,43
BTCUSDT,59429.76,2024-08-29,15,37,14
ETHUSDT,2533.39,2024-08-29,15,37,14
TRXUSDT,0.1605,2024-08-29,15,37,14
BTCUSDT,59461.11,2024-08-29,15,37,44
ETHUSDT,2536.03,2024-08-29,15,37,44
TRXUSDT,0.1606,2024-08-29,15,37,44
BTCUSDT,59395.77,2024-08-29,15,38,14
ETHUSDT,2533.37,2024-08-29,15,38,14
TRXUSDT,0.1605,2024-08-29,15,38,14
BTCUSDT,59312.01,2024-08-29,15,38,45
ETHUSDT,2530.63,2024-08-29,15,38,45
TRXUSDT,0.1604,2024-08-29,15,38,45
BTCUSDT,59331.7,2024-08-29,15,39,15
ETHUSDT,2531.43,2024-08-29,15,39,15
TRXUSDT,0.1604,2024-08-29,15,39,15
BTCUSDT,59364.0,2024-08-29,15,39,45
ETHUSDT,2533.0,2024-08-29,15,39,45
TRXUSDT,0.1606,2024-08-29,15,39,45
BTCUSDT,59348.01,2024-08-29,15,40,16
ETHUSDT,2533.05,2024-08-29,15,40,16
TRXUSDT,0.1606,2024-08-29,15,40,16
BTCUSDT,59391.1,2024-08-29,15,40,46
ETHUSDT,2533.05,2024-08-29,15,40,46
TRXUSDT,0.1604,2024-08-29,15,40,46
BTCUSDT,59322.37,2024-08-29,15,41,16
ETHUSDT,2531.66,2024-08-29,15,41,16
TRXUSDT,0.1604,2024-08-29,15,41,16
BTCUSDT,59293.08,2024-08-29,15,41,46
ETHUSDT,2530.88,2024-08-29,15,41,46
TRXUSDT,0.1604,2024-08-29,15,41,46
BTCUSDT,59313.09,2024-08-29,15,42,17
ETHUSDT,2532.33,2024-08-29,15,42,17
TRXUSDT,0.1604,2024-08-29,15,42,17
BTCUSDT,59304.04,2024-08-29,15,42,47
ETHUSDT,2532.58,2024-08-29,15,42,47
TRXUSDT,0.1604,2024-08-29,15,42,47
BTCUSDT,59211.0,2024-08-29,15,43,17
ETHUSDT,2527.4,2024-08-29,15,43,17
TRXUSDT,0.1605,2024-08-29,15,43,17
BTCUSDT,59243.99,2024-08-29,15,43,48
ETHUSDT,2526.68,2024-08-29,15,43,48
TRXUSDT,0.1604,2024-08-29,15,43,48
BTCUSDT,59244.0,2024-08-29,15,44,18
ETHUSDT,2524.88,2024-08-29,15,44,18
TRXUSDT,0.1605,2024-08-29,15,44,18
BTCUSDT,59247.0,2024-08-29,15,44,48
ETHUSDT,2523.22,2024-08-29,15,44,48
TRXUSDT,0.1605,2024-08-29,15,44,48
BTCUSDT,59230.99,2024-08-29,15,45,19
ETHUSDT,2524.4,2024-08-29,15,45,19
TRXUSDT,0.1605,2024-08-29,15,45,19
BTCUSDT,59204.03,2024-08-29,15,45,49
ETHUSDT,2524.21,2024-08-29,15,45,49
TRXUSDT,0.1605,2024-08-29,15,45,49
BTCUSDT,59201.0,2024-08-29,15,46,19
ETHUSDT,2524.81,2024-08-29,15,46,19
TRXUSDT,0.1604,2024-08-29,15,46,19
BTCUSDT,59140.63,2024-08-29,15,46,50
ETHUSDT,2522.19,2024-08-29,15,46,50
TRXUSDT,0.1603,2024-08-29,15,46,50
BTCUSDT,59220.0,2024-08-29,15,47,20
ETHUSDT,2525.2,2024-08-29,15,47,20
TRXUSDT,0.1604,2024-08-29,15,47,20
BTCUSDT,59249.59,2024-08-29,15,47,50
ETHUSDT,2527.94,2024-08-29,15,47,50
TRXUSDT,0.1605,2024-08-29,15,47,50
BTCUSDT,59088.83,2024-08-29,15,48,21
ETHUSDT,2521.2,2024-08-29,15,48,21
TRXUSDT,0.1603,2024-08-29,15,48,21
BTCUSDT,59192.0,2024-08-29,15,48,51
ETHUSDT,2524.83,2024-08-29,15,48,51
TRXUSDT,0.1603,2024-08-29,15,48,51
BTCUSDT,59225.51,2024-08-29,15,49,21
ETHUSDT,2527.41,2024-08-29,15,49,21
TRXUSDT,0.1605,2024-08-29,15,49,21
BTCUSDT,59242.59,2024-08-29,15,49,52
ETHUSDT,2527.94,2024-08-29,15,49,52
TRXUSDT,0.1605,2024-08-29,15,49,52
BTCUSDT,59184.99,2024-08-29,15,50,22
ETHUSDT,2526.2,2024-08-29,15,50,22
TRXUSDT,0.1604,2024-08-29,15,50,22
BTCUSDT,59139.01,2024-08-29,15,50,52
ETHUSDT,2524.6,2024-08-29,15,50,52
TRXUSDT,0.1605,2024-08-29,15,50,52
BTCUSDT,59010.0,2024-08-29,15,51,23
ETHUSDT,2515.03,2024-08-29,15,51,23
TRXUSDT,0.1604,2024-08-29,15,51,23
BTCUSDT,58986.01,2024-08-29,15,51,53
ETHUSDT,2514.33,2024-08-29,15,51,53
TRXUSDT,0.1604,2024-08-29,15,51,53
BTCUSDT,58987.19,2024-08-29,15,52,23
ETHUSDT,2514.51,2024-08-29,15,52,23
TRXUSDT,0.1603,2024-08-29,15,52,23
BTCUSDT,59026.0,2024-08-29,15,52,54
ETHUSDT,2517.6,2024-08-29,15,52,54
TRXUSDT,0.1602,2024-08-29,15,52,54
BTCUSDT,58934.79,2024-08-29,15,53,24
ETHUSDT,2511.93,2024-08-29,15,53,24
TRXUSDT,0.1603,2024-08-29,15,53,24
BTCUSDT,58948.34,2024-08-29,15,53,54
ETHUSDT,2513.2,2024-08-29,15,53,54
TRXUSDT,0.1603,2024-08-29,15,53,54
BTCUSDT,59024.19,2024-08-29,15,54,24
ETHUSDT,2514.12,2024-08-29,15,54,24
TRXUSDT,0.1602,2024-08-29,15,54,24
BTCUSDT,59068.99,2024-08-29,15,54,55
ETHUSDT,2517.61,2024-08-29,15,54,55
TRXUSDT,0.1603,2024-08-29,15,54,55
BTCUSDT,59145.02,2024-08-29,15,55,25
ETHUSDT,2518.31,2024-08-29,15,55,25
TRXUSDT,0.1604,2024-08-29,15,55,25
BTCUSDT,59171.1,2024-08-29,15,55,55
ETHUSDT,2519.59,2024-08-29,15,55,55
TRXUSDT,0.1605,2024-08-29,15,55,55
BTCUSDT,59250.0,2024-08-29,15,56,26
ETHUSDT,2522.8,2024-08-29,15,56,26
TRXUSDT,0.1605,2024-08-29,15,56,26
BTCUSDT,59271.09,2024-08-29,15,56,56
ETHUSDT,2523.76,2024-08-29,15,56,56
TRXUSDT,0.1604,2024-08-29,15,56,56
BTCUSDT,59271.0,2024-08-29,15,57,26
ETHUSDT,2522.16,2024-08-29,15,57,26
TRXUSDT,0.1604,2024-08-29,15,57,26
BTCUSDT,59172.13,2024-08-29,15,57,57
ETHUSDT,2519.42,2024-08-29,15,57,57
TRXUSDT,0.1603,2024-08-29,15,57,57
BTCUSDT,59172.0,2024-08-29,15,58,27
ETHUSDT,2519.78,2024-08-29,15,58,27
TRXUSDT,0.1604,2024-08-29,15,58,27
BTCUSDT,59195.99,2024-08-29,15,58,57
ETHUSDT,2521.02,2024-08-29,15,58,57
TRXUSDT,0.1604,2024-08-29,15,58,57
BTCUSDT,59202.01,2024-08-29,15,59,28
ETHUSDT,2522.53,2024-08-29,15,59,28
TRXUSDT,0.1604,2024-08-29,15,59,28
BTCUSDT,59161.0,2024-08-29,15,59,58
ETHUSDT,2520.59,2024-08-29,15,59,58
TRXUSDT,0.1603,2024-08-29,15,59,58
BTCUSDT,59193.0,2024-08-29,16,0,28
ETHUSDT,2520.81,2024-08-29,16,0,28
TRXUSDT,0.1604,2024-08-29,16,0,28
BTCUSDT,59106.0,2024-08-29,16,0,59
ETHUSDT,2518.88,2024-08-29,16,0,59
TRXUSDT,0.1604,2024-08-29,16,0,59
BTCUSDT,59105.94,2024-08-29,16,1,29
ETHUSDT,2519.15,2024-08-29,16,1,29
TRXUSDT,0.1602,2024-08-29,16,1,29
BTCUSDT,59162.95,2024-08-29,16,2,0
ETHUSDT,2520.21,2024-08-29,16,2,0
TRXUSDT,0.1602,2024-08-29,16,2,0
BTCUSDT,59142.0,2024-08-29,16,2,30
ETHUSDT,2518.59,2024-08-29,16,2,30
TRXUSDT,0.1603,2024-08-29,16,2,30
BTCUSDT,59079.01,2024-08-29,16,3,0
ETHUSDT,2516.29,2024-08-29,16,3,0
TRXUSDT,0.1602,2024-08-29,16,3,0
BTCUSDT,58979.0,2024-08-29,16,3,31
ETHUSDT,2512.89,2024-08-29,16,3,31
TRXUSDT,0.1601,2024-08-29,16,3,31
BTCUSDT,59002.0,2024-08-29,16,4,1
ETHUSDT,2515.09,2024-08-29,16,4,1
TRXUSDT,0.1602,2024-08-29,16,4,1
BTCUSDT,58996.0,2024-08-29,16,4,31
ETHUSDT,2511.8,2024-08-29,16,4,31
TRXUSDT,0.1602,2024-08-29,16,4,31
BTCUSDT,59003.0,2024-08-29,16,5,3
ETHUSDT,2513.98,2024-08-29,16,5,3
TRXUSDT,0.1602,2024-08-29,16,5,3
BTCUSDT,59107.0,2024-08-29,16,5,33
ETHUSDT,2517.19,2024-08-29,16,5,33
TRXUSDT,0.1603,2024-08-29,16,5,33
BTCUSDT,59184.0,2024-08-29,16,6,3
ETHUSDT,2519.81,2024-08-29,16,6,3
TRXUSDT,0.1603,2024-08-29,16,6,3
BTCUSDT,59209.22,2024-08-29,16,6,34
ETHUSDT,2520.87,2024-08-29,16,6,34
TRXUSDT,0.1604,2024-08-29,16,6,34
BTCUSDT,59231.11,2024-08-29,16,7,4
ETHUSDT,2521.76,2024-08-29,16,7,4
TRXUSDT,0.1604,2024-08-29,16,7,4
BTCUSDT,59244.01,2024-08-29,16,7,34
ETHUSDT,2522.04,2024-08-29,16,7,34
TRXUSDT,0.1605,2024-08-29,16,7,34
BTCUSDT,59232.28,2024-08-29,16,8,5
ETHUSDT,2521.51,2024-08-29,16,8,5
TRXUSDT,0.1605,2024-08-29,16,8,5
BTCUSDT,59289.37,2024-08-29,16,8,35
ETHUSDT,2523.56,2024-08-29,16,8,35
TRXUSDT,0.1605,2024-08-29,16,8,35
BTCUSDT,59328.99,2024-08-29,16,9,5
ETHUSDT,2524.78,2024-08-29,16,9,5
TRXUSDT,0.1604,2024-08-29,16,9,5
BTCUSDT,59295.6,2024-08-29,16,9,36
ETHUSDT,2524.8,2024-08-29,16,9,36
TRXUSDT,0.1605,2024-08-29,16,9,36
BTCUSDT,59308.0,2024-08-29,16,10,6
ETHUSDT,2526.38,2024-08-29,16,10,6
TRXUSDT,0.1605,2024-08-29,16,10,6
BTCUSDT,59328.03,2024-08-29,16,10,36
ETHUSDT,2526.51,2024-08-29,16,10,36
TRXUSDT,0.1606,2024-08-29,16,10,36
BTCUSDT,59322.01,2024-08-29,16,11,7
ETHUSDT,2526.36,2024-08-29,16,11,7
TRXUSDT,0.1605,2024-08-29,16,11,7
BTCUSDT,59331.0,2024-08-29,16,11,37
ETHUSDT,2526.9,2024-08-29,16,11,37
TRXUSDT,0.1606,2024-08-29,16,11,37
BTCUSDT,59300.0,2024-08-29,16,12,8
ETHUSDT,2525.49,2024-08-29,16,12,8
TRXUSDT,0.1605,2024-08-29,16,12,8
BTCUSDT,59226.7,2024-08-29,16,12,38
ETHUSDT,2522.75,2024-08-29,16,12,38
TRXUSDT,0.1604,2024-08-29,16,12,38
BTCUSDT,59251.0,2024-08-29,16,13,8
ETHUSDT,2522.98,2024-08-29,16,13,8
TRXUSDT,0.1605,2024-08-29,16,13,8
BTCUSDT,59208.9,2024-08-29,16,13,39
ETHUSDT,2521.0,2024-08-29,16,13,39
TRXUSDT,0.1604,2024-08-29,16,13,39
BTCUSDT,59181.99,2024-08-29,16,14,9
ETHUSDT,2520.19,2024-08-29,16,14,9
TRXUSDT,0.1605,2024-08-29,16,14,9
BTCUSDT,59174.99,2024-08-29,16,14,39
ETHUSDT,2520.71,2024-08-29,16,14,39
TRXUSDT,0.1604,2024-08-29,16,14,39
BTCUSDT,59143.01,2024-08-29,16,15,10
ETHUSDT,2519.6,2024-08-29,16,15,10
TRXUSDT,0.1605,2024-08-29,16,15,10
BTCUSDT,59158.3,2024-08-29,16,15,40
ETHUSDT,2519.6,2024-08-29,16,15,40
TRXUSDT,0.1604,2024-08-29,16,15,40
BTCUSDT,59228.01,2024-08-29,16,16,10
ETHUSDT,2522.38,2024-08-29,16,16,10
TRXUSDT,0.1604,2024-08-29,16,16,10
BTCUSDT,59289.58,2024-08-29,16,16,41
ETHUSDT,2525.0,2024-08-29,16,16,41
TRXUSDT,0.1606,2024-08-29,16,16,41
BTCUSDT,59341.09,2024-08-29,16,17,11
ETHUSDT,2526.39,2024-08-29,16,17,11
TRXUSDT,0.1606,2024-08-29,16,17,11
BTCUSDT,59376.5,2024-08-29,16,17,41
ETHUSDT,2528.12,2024-08-29,16,17,41
TRXUSDT,0.1606,2024-08-29,16,17,41
BTCUSDT,59348.18,2024-08-29,16,18,12
ETHUSDT,2527.4,2024-08-29,16,18,12
TRXUSDT,0.1606,2024-08-29,16,18,12
BTCUSDT,59262.01,2024-08-29,16,18,42
ETHUSDT,2523.82,2024-08-29,16,18,42
TRXUSDT,0.1605,2024-08-29,16,18,42
BTCUSDT,59266.0,2024-08-29,16,19,12
ETHUSDT,2523.62,2024-08-29,16,19,12
TRXUSDT,0.1606,2024-08-29,16,19,12
BTCUSDT,59291.09,2024-08-29,16,19,43
ETHUSDT,2523.72,2024-08-29,16,19,43
TRXUSDT,0.1606,2024-08-29,16,19,43
BTCUSDT,59304.0,2024-08-29,16,20,13
ETHUSDT,2523.6,2024-08-29,16,20,13
TRXUSDT,0.1605,2024-08-29,16,20,13
BTCUSDT,59357.0,2024-08-29,16,20,43
ETHUSDT,2525.72,2024-08-29,16,20,43
TRXUSDT,0.1606,2024-08-29,16,20,43
BTCUSDT,59334.0,2024-08-29,16,21,14
ETHUSDT,2524.41,2024-08-29,16,21,14
TRXUSDT,0.1606,2024-08-29,16,21,14
BTCUSDT,59377.0,2024-08-29,16,21,44
ETHUSDT,2526.99,2024-08-29,16,21,44
TRXUSDT,0.1606,2024-08-29,16,21,44
BTCUSDT,59362.0,2024-08-29,16,22,14
ETHUSDT,2526.42,2024-08-29,16,22,14
TRXUSDT,0.1605,2024-08-29,16,22,14
BTCUSDT,59382.01,2024-08-29,16,22,45
ETHUSDT,2527.05,2024-08-29,16,22,45
TRXUSDT,0.1605,2024-08-29,16,22,45
BTCUSDT,59388.0,2024-08-29,16,23,15
ETHUSDT,2526.85,2024-08-29,16,23,15
TRXUSDT,0.1605,2024-08-29,16,23,15
BTCUSDT,59450.98,2024-08-29,16,23,45
ETHUSDT,2529.79,2024-08-29,16,23,45
TRXUSDT,0.1606,2024-08-29,16,23,45
BTCUSDT,59434.0,2024-08-29,16,24,15
ETHUSDT,2529.71,2024-08-29,16,24,15
TRXUSDT,0.1607,2024-08-29,16,24,15
BTCUSDT,59430.99,2024-08-29,16,24,46
ETHUSDT,2529.8,2024-08-29,16,24,46
TRXUSDT,0.1606,2024-08-29,16,24,46
BTCUSDT,59426.0,2024-08-29,16,25,16
ETHUSDT,2530.21,2024-08-29,16,25,16
TRXUSDT,0.1607,2024-08-29,16,25,16
BTCUSDT,59435.99,2024-08-29,16,25,46
ETHUSDT,2530.95,2024-08-29,16,25,46
TRXUSDT,0.1606,2024-08-29,16,25,46
BTCUSDT,59435.0,2024-08-29,16,26,17
ETHUSDT,2530.28,2024-08-29,16,26,17
TRXUSDT,0.1607,2024-08-29,16,26,17
BTCUSDT,59364.01,2024-08-29,16,26,47
ETHUSDT,2528.01,2024-08-29,16,26,47
TRXUSDT,0.1607,2024-08-29,16,26,47
BTCUSDT,59438.0,2024-08-29,16,27,17
ETHUSDT,2530.99,2024-08-29,16,27,17
TRXUSDT,0.1607,2024-08-29,16,27,17
BTCUSDT,59440.51,2024-08-29,16,27,48
ETHUSDT,2531.35,2024-08-29,16,27,48
TRXUSDT,0.1607,2024-08-29,16,27,48
BTCUSDT,59489.91,2024-08-29,16,28,18
ETHUSDT,2533.81,2024-08-29,16,28,18
TRXUSDT,0.1608,2024-08-29,16,28,18
BTCUSDT,59497.79,2024-08-29,16,28,48
ETHUSDT,2532.8,2024-08-29,16,28,48
TRXUSDT,0.1607,2024-08-29,16,28,48
BTCUSDT,59468.99,2024-08-29,16,29,19
ETHUSDT,2531.6,2024-08-29,16,29,19
TRXUSDT,0.1607,2024-08-29,16,29,19
BTCUSDT,59475.92,2024-08-29,16,29,49
ETHUSDT,2532.0,2024-08-29,16,29,49
TRXUSDT,0.1607,2024-08-29,16,29,49
BTCUSDT,59453.99,2024-08-29,16,30,19
ETHUSDT,2531.19,2024-08-29,16,30,19
TRXUSDT,0.1607,2024-08-29,16,30,19
BTCUSDT,59472.99,2024-08-29,16,30,50
ETHUSDT,2532.35,2024-08-29,16,30,50
TRXUSDT,0.1608,2024-08-29,16,30,50
BTCUSDT,59415.39,2024-08-29,16,31,20
ETHUSDT,2530.04,2024-08-29,16,31,20
TRXUSDT,0.1607,2024-08-29,16,31,20
BTCUSDT,59446.1,2024-08-29,16,31,50
ETHUSDT,2530.25,2024-08-29,16,31,50
TRXUSDT,0.1607,2024-08-29,16,31,50
BTCUSDT,59425.21,2024-08-29,16,32,21
ETHUSDT,2529.21,2024-08-29,16,32,21
TRXUSDT,0.1608,2024-08-29,16,32,21
BTCUSDT,59436.0,2024-08-29,16,32,51
ETHUSDT,2529.6,2024-08-29,16,32,51
TRXUSDT,0.1608,2024-08-29,16,32,51
BTCUSDT,59476.92,2024-08-29,16,33,21
ETHUSDT,2531.13,2024-08-29,16,33,21
TRXUSDT,0.1607,2024-08-29,16,33,21
BTCUSDT,59476.93,2024-08-29,16,33,52
ETHUSDT,2531.9,2024-08-29,16,33,52
TRXUSDT,0.1607,2024-08-29,16,33,52
BTCUSDT,59415.0,2024-08-29,16,34,22
ETHUSDT,2528.9,2024-08-29,16,34,22
TRXUSDT,0.1608,2024-08-29,16,34,22
BTCUSDT,59369.01,2024-08-29,16,34,52
ETHUSDT,2527.41,2024-08-29,16,34,52
TRXUSDT,0.1606,2024-08-29,16,34,52
BTCUSDT,59388.0,2024-08-29,16,35,22
ETHUSDT,2526.91,2024-08-29,16,35,22
TRXUSDT,0.1607,2024-08-29,16,35,22
BTCUSDT,59423.05,2024-08-29,16,35,53
ETHUSDT,2528.05,2024-08-29,16,35,53
TRXUSDT,0.1607,2024-08-29,16,35,53
BTCUSDT,59439.0,2024-08-29,16,36,23
ETHUSDT,2529.01,2024-08-29,16,36,23
TRXUSDT,0.1607,2024-08-29,16,36,23
BTCUSDT,59460.4,2024-08-29,16,36,53
ETHUSDT,2529.0,2024-08-29,16,36,53
TRXUSDT,0.1606,2024-08-29,16,36,53
BTCUSDT,59573.99,2024-08-29,16,37,25
ETHUSDT,2533.39,2024-08-29,16,37,25
TRXUSDT,0.1607,2024-08-29,16,37,25
BTCUSDT,59641.1,2024-08-29,16,37,55
ETHUSDT,2537.02,2024-08-29,16,37,55
TRXUSDT,0.1608,2024-08-29,16,37,55
BTCUSDT,59618.01,2024-08-29,16,38,26
ETHUSDT,2536.0,2024-08-29,16,38,26
TRXUSDT,0.1607,2024-08-29,16,38,26
BTCUSDT,59601.99,2024-08-29,16,38,56
ETHUSDT,2535.24,2024-08-29,16,38,56
TRXUSDT,0.1607,2024-08-29,16,38,56
BTCUSDT,59584.8,2024-08-29,16,39,26
ETHUSDT,2535.88,2024-08-29,16,39,26
TRXUSDT,0.1606,2024-08-29,16,39,26
BTCUSDT,59582.28,2024-08-29,16,39,56
ETHUSDT,2535.05,2024-08-29,16,39,56
TRXUSDT,0.1606,2024-08-29,16,39,56
BTCUSDT,59620.0,2024-08-29,16,40,27
ETHUSDT,2535.89,2024-08-29,16,40,27
TRXUSDT,0.1608,2024-08-29,16,40,27
BTCUSDT,59644.26,2024-08-29,16,40,57
ETHUSDT,2537.22,2024-08-29,16,40,57
TRXUSDT,0.1608,2024-08-29,16,40,57
BTCUSDT,59664.0,2024-08-29,16,41,27
ETHUSDT,2537.61,2024-08-29,16,41,27
TRXUSDT,0.1608,2024-08-29,16,41,27
BTCUSDT,59699.5,2024-08-29,16,41,58
ETHUSDT,2540.32,2024-08-29,16,41,58
TRXUSDT,0.1606,2024-08-29,16,41,58
BTCUSDT,59658.0,2024-08-29,16,42,28
ETHUSDT,2537.3,2024-08-29,16,42,28
TRXUSDT,0.1606,2024-08-29,16,42,28
BTCUSDT,59628.0,2024-08-29,16,42,58
ETHUSDT,2536.28,2024-08-29,16,42,58
TRXUSDT,0.1606,2024-08-29,16,42,58
BTCUSDT,59613.01,2024-08-29,16,43,29
ETHUSDT,2535.95,2024-08-29,16,43,29
TRXUSDT,0.1606,2024-08-29,16,43,29
BTCUSDT,59631.0,2024-08-29,16,43,59
ETHUSDT,2537.29,2024-08-29,16,43,59
TRXUSDT,0.1606,2024-08-29,16,43,59
BTCUSDT,59600.02,2024-08-29,16,44,30
ETHUSDT,2536.44,2024-08-29,16,44,30
TRXUSDT,0.1606,2024-08-29,16,44,30
BTCUSDT,59558.0,2024-08-29,16,45,0
ETHUSDT,2535.09,2024-08-29,16,45,0
TRXUSDT,0.1606,2024-08-29,16,45,0
BTCUSDT,59640.04,2024-08-29,16,45,30
ETHUSDT,2537.78,2024-08-29,16,45,30
TRXUSDT,0.1605,2024-08-29,16,45,30
BTCUSDT,59579.99,2024-08-29,16,46,1
ETHUSDT,2536.01,2024-08-29,16,46,1
TRXUSDT,0.1605,2024-08-29,16,46,1
BTCUSDT,59517.49,2024-08-29,16,46,31
ETHUSDT,2532.2,2024-08-29,16,46,31
TRXUSDT,0.1606,2024-08-29,16,46,31
BTCUSDT,59462.0,2024-08-29,16,47,1
ETHUSDT,2529.93,2024-08-29,16,47,1
TRXUSDT,0.1605,2024-08-29,16,47,1
BTCUSDT,59511.1,2024-08-29,16,47,32
ETHUSDT,2531.55,2024-08-29,16,47,32
TRXUSDT,0.1605,2024-08-29,16,47,32
BTCUSDT,59483.88,2024-08-29,16,48,2
ETHUSDT,2529.43,2024-08-29,16,48,2
TRXUSDT,0.1605,2024-08-29,16,48,2
BTCUSDT,59487.99,2024-08-29,16,48,32
ETHUSDT,2530.21,2024-08-29,16,48,32
TRXUSDT,0.1606,2024-08-29,16,48,32
BTCUSDT,59413.99,2024-08-29,16,49,2
ETHUSDT,2528.99,2024-08-29,16,49,2
TRXUSDT,0.1606,2024-08-29,16,49,2
BTCUSDT,59390.58,2024-08-29,16,49,33
ETHUSDT,2528.34,2024-08-29,16,49,33
TRXUSDT,0.1605,2024-08-29,16,49,33
BTCUSDT,59415.0,2024-08-29,16,50,3
ETHUSDT,2529.8,2024-08-29,16,50,3
TRXUSDT,0.1606,2024-08-29,16,50,3
BTCUSDT,59366.0,2024-08-29,16,50,33
ETHUSDT,2527.74,2024-08-29,16,50,33
TRXUSDT,0.1605,2024-08-29,16,50,33
BTCUSDT,59341.11,2024-08-29,16,51,4
ETHUSDT,2527.32,2024-08-29,16,51,4
TRXUSDT,0.1606,2024-08-29,16,51,4
BTCUSDT,59295.21,2024-08-29,16,51,34
ETHUSDT,2524.87,2024-08-29,16,51,34
TRXUSDT,0.1605,2024-08-29,16,51,34
BTCUSDT,59294.01,2024-08-29,16,52,4
ETHUSDT,2524.53,2024-08-29,16,52,4
TRXUSDT,0.1604,2024-08-29,16,52,4
BTCUSDT,59318.13,2024-08-29,16,52,35
ETHUSDT,2525.42,2024-08-29,16,52,35
TRXUSDT,0.1605,2024-08-29,16,52,35
BTCUSDT,59317.0,2024-08-29,16,53,5
ETHUSDT,2525.33,2024-08-29,16,53,5
TRXUSDT,0.1605,2024-08-29,16,53,5
BTCUSDT,59308.14,2024-08-29,16,53,35
ETHUSDT,2525.41,2024-08-29,16,53,35
TRXUSDT,0.1604,2024-08-29,16,53,35
BTCUSDT,59216.74,2024-08-29,16,54,6
ETHUSDT,2523.44,2024-08-29,16,54,6
TRXUSDT,0.1603,2024-08-29,16,54,6
BTCUSDT,59187.65,2024-08-29,16,54,36
ETHUSDT,2523.04,2024-08-29,16,54,36
TRXUSDT,0.1604,2024-08-29,16,54,36
BTCUSDT,59204.01,2024-08-29,16,55,6
ETHUSDT,2525.41,2024-08-29,16,55,6
TRXUSDT,0.1604,2024-08-29,16,55,6
BTCUSDT,59227.99,2024-08-29,16,55,37
ETHUSDT,2525.6,2024-08-29,16,55,37
TRXUSDT,0.1604,2024-08-29,16,55,37
BTCUSDT,59246.63,2024-08-29,16,56,7
ETHUSDT,2527.26,2024-08-29,16,56,7
TRXUSDT,0.1604,2024-08-29,16,56,7
BTCUSDT,59219.94,2024-08-29,16,56,37
ETHUSDT,2526.31,2024-08-29,16,56,37
TRXUSDT,0.1603,2024-08-29,16,56,37
BTCUSDT,59215.0,2024-08-29,16,57,8
ETHUSDT,2525.75,2024-08-29,16,57,8
TRXUSDT,0.1604,2024-08-29,16,57,8
BTCUSDT,59210.0,2024-08-29,16,57,38
ETHUSDT,2525.51,2024-08-29,16,57,38
TRXUSDT,0.1604,2024-08-29,16,57,38
BTCUSDT,59262.14,2024-08-29,16,58,8
ETHUSDT,2527.71,2024-08-29,16,58,8
TRXUSDT,0.1604,2024-08-29,16,58,8
BTCUSDT,59212.01,2024-08-29,16,58,39
ETHUSDT,2526.61,2024-08-29,16,58,39
TRXUSDT,0.1604,2024-08-29,16,58,39
BTCUSDT,59267.49,2024-08-29,16,59,9
ETHUSDT,2528.74,2024-08-29,16,59,9
TRXUSDT,0.1604,2024-08-29,16,59,9
BTCUSDT,59243.01,2024-08-29,16,59,39
ETHUSDT,2528.05,2024-08-29,16,59,39
TRXUSDT,0.1604,2024-08-29,16,59,39
BTCUSDT,59269.9,2024-08-29,17,0,9
ETHUSDT,2528.93,2024-08-29,17,0,9
TRXUSDT,0.1604,2024-08-29,17,0,9
BTCUSDT,59276.0,2024-08-29,17,0,40
ETHUSDT,2530.76,2024-08-29,17,0,40
TRXUSDT,0.1603,2024-08-29,17,0,40
BTCUSDT,59294.99,2024-08-29,17,1,10
ETHUSDT,2533.31,2024-08-29,17,1,10
TRXUSDT,0.1604,2024-08-29,17,1,10
BTCUSDT,59343.75,2024-08-29,17,1,40
ETHUSDT,2535.87,2024-08-29,17,1,40
TRXUSDT,0.1606,2024-08-29,17,1,40
BTCUSDT,59359.0,2024-08-29,17,2,11
ETHUSDT,2536.6,2024-08-29,17,2,11
TRXUSDT,0.1605,2024-08-29,17,2,11
BTCUSDT,59392.57,2024-08-29,17,2,41
ETHUSDT,2537.07,2024-08-29,17,2,41
TRXUSDT,0.1606,2024-08-29,17,2,41
BTCUSDT,59415.38,2024-08-29,17,3,11
ETHUSDT,2537.21,2024-08-29,17,3,11
TRXUSDT,0.1607,2024-08-29,17,3,11
BTCUSDT,59401.11,2024-08-29,17,3,42
ETHUSDT,2536.74,2024-08-29,17,3,42
TRXUSDT,0.1605,2024-08-29,17,3,42
BTCUSDT,59383.95,2024-08-29,17,4,12
ETHUSDT,2536.72,2024-08-29,17,4,12
TRXUSDT,0.1606,2024-08-29,17,4,12
BTCUSDT,59433.91,2024-08-29,17,4,42
ETHUSDT,2538.36,2024-08-29,17,4,42
TRXUSDT,0.1606,2024-08-29,17,4,42
BTCUSDT,59448.0,2024-08-29,17,5,13
ETHUSDT,2538.71,2024-08-29,17,5,13
TRXUSDT,0.1606,2024-08-29,17,5,13
BTCUSDT,59489.99,2024-08-29,17,5,43
ETHUSDT,2540.0,2024-08-29,17,5,43
TRXUSDT,0.1607,2024-08-29,17,5,43
BTCUSDT,59468.95,2024-08-29,17,6,13
ETHUSDT,2539.68,2024-08-29,17,6,13
TRXUSDT,0.1606,2024-08-29,17,6,13
BTCUSDT,59487.0,2024-08-29,17,6,44
ETHUSDT,2540.47,2024-08-29,17,6,44
TRXUSDT,0.1607,2024-08-29,17,6,44
BTCUSDT,59488.03,2024-08-29,17,7,14
ETHUSDT,2540.24,2024-08-29,17,7,14
TRXUSDT,0.1607,2024-08-29,17,7,14
BTCUSDT,59495.0,2024-08-29,17,7,44
ETHUSDT,2539.55,2024-08-29,17,7,44
TRXUSDT,0.1606,2024-08-29,17,7,44
BTCUSDT,59510.1,2024-08-29,17,8,15
ETHUSDT,2539.99,2024-08-29,17,8,15
TRXUSDT,0.1606,2024-08-29,17,8,15
BTCUSDT,59482.96,2024-08-29,17,8,45
ETHUSDT,2538.43,2024-08-29,17,8,45
TRXUSDT,0.1606,2024-08-29,17,8,45
BTCUSDT,59472.99,2024-08-29,17,9,15
ETHUSDT,2539.15,2024-08-29,17,9,15
TRXUSDT,0.1606,2024-08-29,17,9,15
BTCUSDT,59446.01,2024-08-29,17,9,46
ETHUSDT,2538.44,2024-08-29,17,9,46
TRXUSDT,0.1605,2024-08-29,17,9,46
BTCUSDT,59412.0,2024-08-29,17,10,16
ETHUSDT,2537.18,2024-08-29,17,10,16
TRXUSDT,0.1605,2024-08-29,17,10,16
BTCUSDT,59412.98,2024-08-29,17,10,46
ETHUSDT,2537.92,2024-08-29,17,10,46
TRXUSDT,0.1606,2024-08-29,17,10,46
BTCUSDT,59439.22,2024-08-29,17,11,17
ETHUSDT,2538.68,2024-08-29,17,11,17
TRXUSDT,0.1606,2024-08-29,17,11,17
BTCUSDT,59434.01,2024-08-29,17,11,47
ETHUSDT,2538.93,2024-08-29,17,11,47
TRXUSDT,0.1605,2024-08-29,17,11,47
BTCUSDT,59411.11,2024-08-29,17,12,17
ETHUSDT,2538.68,2024-08-29,17,12,17
TRXUSDT,0.1605,2024-08-29,17,12,17
BTCUSDT,59395.01,2024-08-29,17,12,47
ETHUSDT,2537.86,2024-08-29,17,12,47
TRXUSDT,0.1606,2024-08-29,17,12,47
BTCUSDT,59371.99,2024-08-29,17,13,18
ETHUSDT,2537.08,2024-08-29,17,13,18
TRXUSDT,0.1606,2024-08-29,17,13,18
BTCUSDT,59350.0,2024-08-29,17,13,48
ETHUSDT,2536.6,2024-08-29,17,13,48
TRXUSDT,0.1605,2024-08-29,17,13,48
BTCUSDT,59413.99,2024-08-29,17,14,18
ETHUSDT,2539.67,2024-08-29,17,14,18
TRXUSDT,0.1604,2024-08-29,17,14,18
BTCUSDT,59421.09,2024-08-29,17,14,49
ETHUSDT,2539.44,2024-08-29,17,14,49
TRXUSDT,0.1605,2024-08-29,17,14,49
BTCUSDT,59424.99,2024-08-29,17,15,19
ETHUSDT,2539.99,2024-08-29,17,15,19
TRXUSDT,0.1606,2024-08-29,17,15,19
BTCUSDT,59439.99,2024-08-29,17,15,49
ETHUSDT,2540.4,2024-08-29,17,15,49
TRXUSDT,0.1607,2024-08-29,17,15,49
BTCUSDT,59464.3,2024-08-29,17,16,20
ETHUSDT,2542.68,2024-08-29,17,16,20
TRXUSDT,0.1606,2024-08-29,17,16,20
BTCUSDT,59484.01,2024-08-29,17,16,50
ETHUSDT,2542.13,2024-08-29,17,16,50
TRXUSDT,0.1607,2024-08-29,17,16,50
BTCUSDT,59481.11,2024-08-29,17,17,20
ETHUSDT,2541.22,2024-08-29,17,17,20
TRXUSDT,0.1607,2024-08-29,17,17,20
BTCUSDT,59453.61,2024-08-29,17,17,51
ETHUSDT,2539.48,2024-08-29,17,17,51
TRXUSDT,0.1606,2024-08-29,17,17,51
BTCUSDT,59446.83,2024-08-29,17,18,21
ETHUSDT,2539.17,2024-08-29,17,18,21
TRXUSDT,0.1605,2024-08-29,17,18,21
BTCUSDT,59454.89,2024-08-29,17,18,52
ETHUSDT,2539.89,2024-08-29,17,18,52
TRXUSDT,0.1606,2024-08-29,17,18,52
BTCUSDT,59435.0,2024-08-29,17,19,22
ETHUSDT,2539.41,2024-08-29,17,19,22
TRXUSDT,0.1605,2024-08-29,17,19,22
BTCUSDT,59401.06,2024-08-29,17,19,52
ETHUSDT,2539.48,2024-08-29,17,19,52
TRXUSDT,0.1606,2024-08-29,17,19,52
BTCUSDT,59406.01,2024-08-29,17,20,23
ETHUSDT,2539.67,2024-08-29,17,20,23
TRXUSDT,0.1605,2024-08-29,17,20,23
BTCUSDT,59386.0,2024-08-29,17,20,53
ETHUSDT,2538.11,2024-08-29,17,20,53
TRXUSDT,0.1606,2024-08-29,17,20,53
BTCUSDT,59370.89,2024-08-29,17,21,23
ETHUSDT,2536.79,2024-08-29,17,21,23
TRXUSDT,0.1604,2024-08-29,17,21,23
BTCUSDT,59381.09,2024-08-29,17,21,53
ETHUSDT,2536.68,2024-08-29,17,21,53
TRXUSDT,0.1605,2024-08-29,17,21,53
BTCUSDT,59364.34,2024-08-29,17,22,24
ETHUSDT,2536.2,2024-08-29,17,22,24
TRXUSDT,0.1604,2024-08-29,17,22,24
BTCUSDT,59347.0,2024-08-29,17,22,54
ETHUSDT,2535.59,2024-08-29,17,22,54
TRXUSDT,0.1603,2024-08-29,17,22,54
BTCUSDT,59338.0,2024-08-29,17,23,24
ETHUSDT,2534.82,2024-08-29,17,23,24
TRXUSDT,0.1604,2024-08-29,17,23,24
BTCUSDT,59345.51,2024-08-29,17,23,55
ETHUSDT,2535.76,2024-08-29,17,23,55
TRXUSDT,0.1603,2024-08-29,17,23,55
BTCUSDT,59333.34,2024-08-29,17,24,25
ETHUSDT,2534.8,2024-08-29,17,24,25
TRXUSDT,0.1603,2024-08-29,17,24,25
BTCUSDT,59279.88,2024-08-29,17,24,55
ETHUSDT,2533.54,2024-08-29,17,24,55
TRXUSDT,0.1603,2024-08-29,17,24,55
BTCUSDT,59258.38,2024-08-29,17,25,26
ETHUSDT,2532.21,2024-08-29,17,25,26
TRXUSDT,0.1602,2024-08-29,17,25,26
BTCUSDT,59235.99,2024-08-29,17,25,56
ETHUSDT,2531.94,2024-08-29,17,25,56
TRXUSDT,0.1603,2024-08-29,17,25,56
BTCUSDT,59276.04,2024-08-29,17,26,26
ETHUSDT,2532.06,2024-08-29,17,26,26
TRXUSDT,0.1602,2024-08-29,17,26,26
BTCUSDT,59328.0,2024-08-29,17,26,57
ETHUSDT,2533.52,2024-08-29,17,26,57
TRXUSDT,0.1603,2024-08-29,17,26,57
BTCUSDT,59349.47,2024-08-29,17,27,27
ETHUSDT,2533.62,2024-08-29,17,27,27
TRXUSDT,0.1602,2024-08-29,17,27,27
BTCUSDT,59341.1,2024-08-29,17,27,58
ETHUSDT,2532.9,2024-08-29,17,27,58
TRXUSDT,0.1602,2024-08-29,17,27,58
BTCUSDT,59345.53,2024-08-29,17,28,28
ETHUSDT,2533.2,2024-08-29,17,28,28
TRXUSDT,0.1602,2024-08-29,17,28,28
BTCUSDT,59357.95,2024-08-29,17,28,58
ETHUSDT,2534.33,2024-08-29,17,28,58
TRXUSDT,0.1602,2024-08-29,17,28,58
BTCUSDT,59396.0,2024-08-29,17,29,29
ETHUSDT,2536.35,2024-08-29,17,29,29
TRXUSDT,0.1602,2024-08-29,17,29,29
BTCUSDT,59355.0,2024-08-29,17,30,2
ETHUSDT,2534.61,2024-08-29,17,30,2
TRXUSDT,0.1603,2024-08-29,17,30,2
